{"query_ids":{"0":"1","1":"2","2":"3","3":"4","4":"5","5":"6","6":"7","7":"8","8":"9","9":"10","10":"11","11":"12","12":"13","13":"14","14":"15","15":"16","16":"17","17":"18","18":"19","19":"20","20":"21","21":"22","22":"23","23":"24","24":"25","25":"26","26":"27","27":"28","28":"29","29":"30","30":"31","31":"32","32":"33","33":"34","34":"35","35":"36","36":"37","37":"38","38":"39","39":"40","40":"41","41":"42","42":"43","43":"44","44":"45","45":"46","46":"47","47":"48","48":"49","49":"50"},"dcg":{"0":3.5783719205,"1":8.7294637947,"2":6.7100095025,"3":8.5665258131,"4":9.0985340412,"5":11.8603935483,"6":12.6306780143,"7":10.3603935483,"8":0.3333333333,"9":10.33864834,"10":7.0284529945,"11":2.1309297536,"12":9.33864834,"13":10.3646895301,"14":2.6253630076,"15":7.9897779208,"16":10.0808368133,"17":6.7255612453,"18":3.0182448093,"19":12.7634835353,"20":7.7914941232,"21":11.8603935483,"22":9.1938986731,"23":11.694861974,"24":6.2484673436,"25":6.8453773566,"26":7.5864041221,"27":11.8603935483,"28":11.7811933969,"29":13.6306780143,"30":1.5352062612,"31":3.1848189349,"32":3.3086547512,"33":6.4977214787,"34":3.3927892607,"35":12.91826364,"36":7.0860998978,"37":11.7021518405,"38":10.6306780143,"39":13.6306780143,"40":11.2275880273,"41":12.8569723998,"42":9.0286180229,"43":6.1755746134,"44":9.9567263,"45":6.0846869496,"46":3.1848189349,"47":4.8669367917,"48":2.226122594,"49":8.7534404963},"idcg":{"0":13.6306780143,"1":13.6306780143,"2":13.6306780143,"3":13.6306780143,"4":13.6306780143,"5":13.6306780143,"6":13.6306780143,"7":13.6306780143,"8":13.6306780143,"9":13.6306780143,"10":13.6306780143,"11":13.6306780143,"12":13.6306780143,"13":13.6306780143,"14":13.6306780143,"15":13.6306780143,"16":13.6306780143,"17":13.6306780143,"18":13.6306780143,"19":13.6306780143,"20":13.6306780143,"21":13.6306780143,"22":13.6306780143,"23":13.6306780143,"24":13.6306780143,"25":13.6306780143,"26":13.6306780143,"27":13.6306780143,"28":13.6306780143,"29":13.6306780143,"30":13.6306780143,"31":13.6306780143,"32":13.6306780143,"33":13.6306780143,"34":13.6306780143,"35":13.6306780143,"36":13.6306780143,"37":13.6306780143,"38":13.6306780143,"39":13.6306780143,"40":13.6306780143,"41":13.6306780143,"42":13.6306780143,"43":13.6306780143,"44":13.6306780143,"45":13.6306780143,"46":13.6306780143,"47":13.6306780143,"48":13.6306780143,"49":13.6306780143},"ndcg":{"0":0.2625233988,"1":0.6404277018,"2":0.4922726144,"3":0.6284739324,"4":0.6675041426,"5":0.8701249883,"6":0.9266360779,"7":0.7600791052,"8":0.0244546407,"9":0.7584837914,"10":0.515634878,"11":0.1563333644,"12":0.6851198693,"13":0.7603942753,"14":0.1926069272,"15":0.586161445,"16":0.7395697267,"17":0.4934135513,"18":0.2214302771,"19":0.9363792118,"20":0.5716145679,"21":0.8701249883,"22":0.674500466,"23":0.8579809428,"24":0.4584120714,"25":0.5022037311,"26":0.556568361,"27":0.8701249883,"28":0.8643145546,"29":1.0,"30":0.1126287526,"31":0.2336508082,"32":0.2427358894,"33":0.4766983324,"34":0.248908327,"35":0.9477344873,"36":0.5198640809,"37":0.858515756,"38":0.7799082337,"39":1.0,"40":0.8236998934,"41":0.9432379216,"42":0.6623748293,"43":0.4530643749,"44":0.7304644926,"45":0.4463964994,"46":0.2336508082,"47":0.3570575717,"48":0.1633170846,"49":0.6421867267}}