{"query_ids":{"0":"1","1":"2","2":"3","3":"4","4":"5","5":"6","6":"7","7":"8","8":"9","9":"10","10":"11","11":"12","12":"13","13":"14","14":"15","15":"16","16":"17","17":"18","18":"19","19":"20","20":"21","21":"22","22":"23","23":"24","24":"25","25":"26","26":"27","27":"28","28":"29","29":"30","30":"31","31":"32","32":"33","33":"34","34":"35","35":"36","36":"37","37":"38","38":"39","39":"40","40":"41","41":"42","42":"43","43":"44","44":"45","45":"46","46":"47","47":"48","48":"49","49":"50"},"dcg":{"0":4.210318626,"1":6.6755746134,"2":8.7993922399,"3":6.9854727442,"4":7.9990404322,"5":11.8603935483,"6":12.5620564529,"7":10.791771987,"8":0.6309297536,"9":11.3569723998,"10":4.4477348468,"11":1.4871369407,"12":10.885881695,"13":10.1283843501,"14":2.4871369407,"15":9.5273501468,"16":9.3662349111,"17":7.6658788903,"18":3.6389306956,"19":12.33864834,"20":10.0237249622,"21":11.2634835353,"22":10.2473322513,"23":9.1306780143,"24":4.806504367,"25":7.2475040428,"26":5.6521394108,"27":11.8603935483,"28":11.6029251136,"29":13.6306780143,"30":1.8068473871,"31":2.4525880959,"32":5.2668649044,"33":5.4399606912,"34":1.2920296742,"35":13.0286180229,"36":6.3185086108,"37":10.9640113476,"38":12.3976882694,"39":13.6306780143,"40":10.2378887536,"41":12.6306780143,"42":10.7279184137,"43":5.4078054524,"44":9.2645053062,"45":7.3137477043,"46":4.8927892607,"47":4.9028322998,"48":3.3868528072,"49":8.6219692437},"idcg":{"0":13.6306780143,"1":13.6306780143,"2":13.6306780143,"3":13.6306780143,"4":13.6306780143,"5":13.6306780143,"6":13.6306780143,"7":13.6306780143,"8":13.6306780143,"9":13.6306780143,"10":13.6306780143,"11":13.6306780143,"12":13.6306780143,"13":13.6306780143,"14":13.6306780143,"15":13.6306780143,"16":13.6306780143,"17":13.6306780143,"18":13.6306780143,"19":13.6306780143,"20":13.6306780143,"21":13.6306780143,"22":13.6306780143,"23":13.6306780143,"24":13.6306780143,"25":13.6306780143,"26":13.6306780143,"27":13.6306780143,"28":13.6306780143,"29":13.6306780143,"30":13.6306780143,"31":13.6306780143,"32":13.6306780143,"33":13.6306780143,"34":13.6306780143,"35":13.6306780143,"36":13.6306780143,"37":13.6306780143,"38":13.6306780143,"39":13.6306780143,"40":13.6306780143,"41":13.6306780143,"42":13.6306780143,"43":13.6306780143,"44":13.6306780143,"45":13.6306780143,"46":13.6306780143,"47":13.6306780143,"48":13.6306780143,"49":13.6306780143},"ndcg":{"0":0.3088854877,"1":0.4897463359,"2":0.6455579268,"3":0.5124816782,"4":0.5868409791,"5":0.8701249883,"6":0.921601731,"7":0.7917267194,"8":0.0462874813,"9":0.8331920384,"10":0.3263032728,"11":0.1091021987,"12":0.7986309767,"13":0.7430580005,"14":0.1824661208,"15":0.698963774,"16":0.6871437284,"17":0.5623989417,"18":0.2669662281,"19":0.9052116356,"20":0.7353797773,"21":0.8263333287,"22":0.751784485,"23":0.6698623506,"24":0.3526240119,"25":0.531705322,"26":0.4146631154,"27":0.8701249883,"28":0.8512360942,"29":1.0,"30":0.132557411,"31":0.179931482,"32":0.3863978666,"33":0.3990968524,"34":0.0947883644,"35":0.9558305177,"36":0.4635505735,"37":0.8043628744,"38":0.9095430364,"39":1.0,"40":0.751091673,"41":0.9266360779,"42":0.7870421708,"43":0.3967378179,"44":0.6796804456,"45":0.5365652168,"46":0.3589542102,"47":0.3596910069,"48":0.2484728055,"49":0.6325414799}}