{"query_ids":{"0":"1","1":"2","2":"3","3":"4","4":"5","5":"6","6":"7","7":"8","8":"9","9":"10","10":"11","11":"12","12":"13","13":"14","14":"15","15":"16","16":"17","17":"18","18":"19","19":"20","20":"21","21":"22","22":"23","23":"24","24":"25","25":"26","26":"27","27":"28","28":"29","29":"30","30":"31","31":"32","32":"33","33":"34","34":"35","35":"36","36":"37","37":"38","38":"39","39":"40","40":"41","41":"42","42":"43","43":"44","44":"45","45":"46","46":"47","47":"48","48":"49","49":"50"},"dcg":{"0":2.5616063116,"1":4.1761161123,"2":2.0686215613,"3":6.0446448598,"4":7.7907862947,"5":11.8603935483,"6":6.9796085314,"7":10.5683638741,"8":1.8093566318,"9":9.0410519198,"10":4.6848189349,"11":4.9518926943,"12":12.385881695,"13":11.9997482607,"14":3.5328846482,"15":3.624119628,"16":9.8871142275,"17":6.9048240891,"18":8.7050752568,"19":11.8603935483,"20":10.0254743793,"21":12.1903057331,"22":10.5510691611,"23":12.6306780143,"24":3.8606512355,"25":12.6306780143,"26":10.7279184137,"27":13.6306780143,"28":11.0510691611,"29":13.6306780143,"30":2.4905705161,"31":4.2534404963,"32":12.4504883703,"33":2.569512163,"34":13.6306780143,"35":10.6306780143,"36":10.5620564529,"37":13.6306780143,"38":11.7693248981,"39":13.6306780143,"40":11.2634835353,"41":12.9997482607,"42":5.7095943539,"43":10.5985340412,"44":10.0782744803,"45":8.3766439246,"46":4.6848189349,"47":12.3688185071,"48":7.8593830753,"49":8.7534404963},"idcg":{"0":13.6306780143,"1":13.6306780143,"2":13.6306780143,"3":13.6306780143,"4":13.6306780143,"5":13.6306780143,"6":13.6306780143,"7":13.6306780143,"8":13.6306780143,"9":13.6306780143,"10":13.6306780143,"11":13.6306780143,"12":13.6306780143,"13":13.6306780143,"14":13.6306780143,"15":13.6306780143,"16":13.6306780143,"17":13.6306780143,"18":13.6306780143,"19":13.6306780143,"20":13.6306780143,"21":13.6306780143,"22":13.6306780143,"23":13.6306780143,"24":13.6306780143,"25":13.6306780143,"26":13.6306780143,"27":13.6306780143,"28":13.6306780143,"29":13.6306780143,"30":13.6306780143,"31":13.6306780143,"32":13.6306780143,"33":13.6306780143,"34":13.6306780143,"35":13.6306780143,"36":13.6306780143,"37":13.6306780143,"38":13.6306780143,"39":13.6306780143,"40":13.6306780143,"41":13.6306780143,"42":13.6306780143,"43":13.6306780143,"44":13.6306780143,"45":13.6306780143,"46":13.6306780143,"47":13.6306780143,"48":13.6306780143,"49":13.6306780143},"ndcg":{"0":0.1879294859,"1":0.3063762571,"2":0.1517621911,"3":0.4434588546,"4":0.5715626388,"5":0.8701249883,"6":0.5120514566,"7":0.775336624,"8":0.132741499,"9":0.6632870287,"10":0.3436966914,"11":0.3632902699,"12":0.9086768598,"13":0.8803485966,"14":0.2591862741,"15":0.2658796301,"16":0.725357478,"17":0.5065649766,"18":0.638638463,"19":0.8701249883,"20":0.7355081214,"21":0.8943286402,"22":0.774067816,"23":0.9266360779,"24":0.2832325165,"25":0.9266360779,"26":0.7870421708,"27":1.0,"28":0.810749777,"29":1.0,"30":0.1827180213,"31":0.3120490772,"32":0.9134166589,"33":0.1885094902,"34":1.0,"35":0.7799082337,"36":0.7748738868,"37":1.0,"38":0.863443835,"39":1.0,"40":0.8263333287,"41":0.9537125187,"42":0.4188782354,"43":0.7775500258,"44":0.7393817439,"45":0.6145434523,"46":0.3436966914,"47":0.9074250374,"48":0.5765951677,"49":0.6421867267}}