{"relevant":{"0":1647,"1":1287,"2":1688,"3":1849,"4":1697,"5":1607,"6":1382,"7":1869,"8":1664,"9":1141,"10":1821,"11":1626,"12":1893,"13":1296,"14":1981,"15":1640,"16":1353,"17":1325,"18":1489,"19":1234,"20":1600,"21":1325,"22":1293,"23":1248,"24":1590,"25":1720,"26":1477,"27":1103,"28":1241,"29":1035,"30":1701,"31":1571,"32":1270,"33":1842,"34":1360,"35":1233,"36":1234,"37":1920,"38":1264,"39":1230,"40":1043,"41":769,"42":878,"43":1238,"44":1171,"45":680,"46":1064,"47":747,"48":1093,"49":889},"retrieved":{"0":10,"1":10,"2":10,"3":10,"4":10,"5":10,"6":10,"7":10,"8":10,"9":10,"10":10,"11":10,"12":10,"13":10,"14":10,"15":10,"16":10,"17":10,"18":10,"19":10,"20":10,"21":10,"22":10,"23":10,"24":10,"25":10,"26":10,"27":10,"28":10,"29":10,"30":10,"31":10,"32":10,"33":10,"34":10,"35":10,"36":10,"37":10,"38":10,"39":10,"40":10,"41":10,"42":10,"43":10,"44":10,"45":10,"46":10,"47":10,"48":10,"49":10},"relevant_retrieved":{"0":5,"1":8,"2":9,"3":8,"4":7,"5":8,"6":10,"7":8,"8":10,"9":10,"10":8,"11":10,"12":10,"13":10,"14":8,"15":8,"16":10,"17":10,"18":10,"19":10,"20":10,"21":10,"22":9,"23":10,"24":9,"25":10,"26":9,"27":10,"28":10,"29":10,"30":10,"31":9,"32":10,"33":10,"34":10,"35":10,"36":10,"37":10,"38":10,"39":10,"40":9,"41":10,"42":10,"43":8,"44":10,"45":10,"46":4,"47":10,"48":9,"49":6},"query_ids":{"0":"1","1":"2","2":"3","3":"4","4":"5","5":"6","6":"7","7":"8","8":"9","9":"10","10":"11","11":"12","12":"13","13":"14","14":"15","15":"16","16":"17","17":"18","18":"19","19":"20","20":"21","21":"22","22":"23","23":"24","24":"25","25":"26","26":"27","27":"28","28":"29","29":"30","30":"31","31":"32","32":"33","33":"34","34":"35","35":"36","36":"37","37":"38","38":"39","39":"40","40":"41","41":"42","42":"43","43":"44","44":"45","45":"46","46":"47","47":"48","48":"49","49":"50"},"recall":{"0":0.0030358227,"1":0.0062160062,"2":0.0053317536,"3":0.0043266631,"4":0.0041249263,"5":0.0049782203,"6":0.00723589,"7":0.0042803638,"8":0.0060096154,"9":0.0087642419,"10":0.0043931906,"11":0.0061500615,"12":0.0052826202,"13":0.0077160494,"14":0.0040383645,"15":0.0048780488,"16":0.007390983,"17":0.0075471698,"18":0.0067159167,"19":0.0081037277,"20":0.00625,"21":0.0075471698,"22":0.0069605568,"23":0.0080128205,"24":0.0056603774,"25":0.0058139535,"26":0.0060934326,"27":0.0090661831,"28":0.0080580177,"29":0.0096618357,"30":0.0058788948,"31":0.0057288351,"32":0.0078740157,"33":0.0054288817,"34":0.0073529412,"35":0.0081103001,"36":0.0081037277,"37":0.0052083333,"38":0.0079113924,"39":0.0081300813,"40":0.0086289549,"41":0.0130039012,"42":0.0113895216,"43":0.0064620355,"44":0.0085397096,"45":0.0147058824,"46":0.0037593985,"47":0.0133868809,"48":0.0082342177,"49":0.0067491564},"precision":{"0":0.5,"1":0.8,"2":0.9,"3":0.8,"4":0.7,"5":0.8,"6":1.0,"7":0.8,"8":1.0,"9":1.0,"10":0.8,"11":1.0,"12":1.0,"13":1.0,"14":0.8,"15":0.8,"16":1.0,"17":1.0,"18":1.0,"19":1.0,"20":1.0,"21":1.0,"22":0.9,"23":1.0,"24":0.9,"25":1.0,"26":0.9,"27":1.0,"28":1.0,"29":1.0,"30":1.0,"31":0.9,"32":1.0,"33":1.0,"34":1.0,"35":1.0,"36":1.0,"37":1.0,"38":1.0,"39":1.0,"40":0.9,"41":1.0,"42":1.0,"43":0.8,"44":1.0,"45":1.0,"46":0.4,"47":1.0,"48":0.9,"49":0.6},"f_scores":{"0":0.006035003,"1":0.0123361604,"2":0.0106007067,"3":0.0086067778,"4":0.0082015231,"5":0.009894867,"6":0.0143678161,"7":0.0085151676,"8":0.0119474313,"9":0.0173761946,"10":0.0087383943,"11":0.0122249389,"12":0.0105097215,"13":0.0153139357,"14":0.0080361627,"15":0.0096969697,"16":0.0146735143,"17":0.0149812734,"18":0.0133422282,"19":0.0160771704,"20":0.0124223602,"21":0.0149812734,"22":0.0138142748,"23":0.0158982512,"24":0.01125,"25":0.0115606936,"26":0.0121049092,"27":0.0179694519,"28":0.0159872102,"29":0.019138756,"30":0.0116890707,"31":0.0113851992,"32":0.015625,"33":0.0107991361,"34":0.0145985401,"35":0.0160901046,"36":0.0160771704,"37":0.0103626943,"38":0.0156985871,"39":0.0161290323,"40":0.0170940171,"41":0.0256739409,"42":0.0225225225,"43":0.0128205128,"44":0.016934801,"45":0.0289855072,"46":0.0074487896,"47":0.0264200793,"48":0.0163191296,"49":0.0133481646}}