{"query_ids":{"0":"1","1":"2","2":"3","3":"4","4":"5","5":"6","6":"7","7":"8","8":"9","9":"10","10":"11","11":"12","12":"13","13":"14","14":"15","15":"16","16":"17","17":"18","18":"19","19":"20","20":"21","21":"22","22":"23","23":"24","24":"25","25":"26","26":"27","27":"28","28":"29","29":"30","30":"31","31":"32","32":"33","33":"34","34":"35","35":"36","36":"37","37":"38","38":"39","39":"40","40":"41","41":"42","42":"43","43":"44","44":"45","45":"46","46":"47","47":"48","48":"49","49":"50"},"dcg":{"0":2.7914881753,"1":4.5835178495,"2":2.4463946304,"3":5.5272320065,"4":7.2015845437,"5":11.8603935483,"6":9.0332139011,"7":10.8603935483,"8":1.6540782241,"9":9.5782744803,"10":4.8147629962,"11":3.7183103731,"12":10.6306780143,"13":12.3619513563,"14":3.1934430699,"15":6.0257835028,"16":9.311310588,"17":6.1522487151,"18":9.2984059848,"19":9.5620564529,"20":8.41826364,"21":11.7667585158,"22":10.6325537817,"23":12.7634835353,"24":3.3070458659,"25":11.6306780143,"26":11.161423544,"27":12.7634835353,"28":10.3229302678,"29":13.6306780143,"30":2.8188125565,"31":3.403089987,"32":12.1383951445,"33":3.0925181709,"34":13.6306780143,"35":11.7378887536,"36":11.6842833839,"37":13.6306780143,"38":12.1903057331,"39":13.6306780143,"40":9.7634835353,"41":13.0286180229,"42":8.364500809,"43":11.1479791741,"44":10.9354986194,"45":7.1327713732,"46":5.5616063116,"47":13.0286180229,"48":7.235635544,"49":6.913998918},"idcg":{"0":13.6306780143,"1":13.6306780143,"2":13.6306780143,"3":13.6306780143,"4":13.6306780143,"5":13.6306780143,"6":13.6306780143,"7":13.6306780143,"8":13.6306780143,"9":13.6306780143,"10":13.6306780143,"11":13.6306780143,"12":13.6306780143,"13":13.6306780143,"14":13.6306780143,"15":13.6306780143,"16":13.6306780143,"17":13.6306780143,"18":13.6306780143,"19":13.6306780143,"20":13.6306780143,"21":13.6306780143,"22":13.6306780143,"23":13.6306780143,"24":13.6306780143,"25":13.6306780143,"26":13.6306780143,"27":13.6306780143,"28":13.6306780143,"29":13.6306780143,"30":13.6306780143,"31":13.6306780143,"32":13.6306780143,"33":13.6306780143,"34":13.6306780143,"35":13.6306780143,"36":13.6306780143,"37":13.6306780143,"38":13.6306780143,"39":13.6306780143,"40":13.6306780143,"41":13.6306780143,"42":13.6306780143,"43":13.6306780143,"44":13.6306780143,"45":13.6306780143,"46":13.6306780143,"47":13.6306780143,"48":13.6306780143,"49":13.6306780143},"ndcg":{"0":0.204794521,"1":0.3362648465,"2":0.1794771051,"3":0.4054994183,"4":0.5283364875,"5":0.8701249883,"6":0.6627120009,"7":0.7967610662,"8":0.121349666,"9":0.7026997828,"10":0.3532298974,"11":0.2727898326,"12":0.7799082337,"13":0.9069212363,"14":0.2342835086,"15":0.4420751115,"16":0.6831142646,"17":0.4513530955,"18":0.6821675323,"19":0.7015099647,"20":0.6175968379,"21":0.8632555551,"22":0.7800458474,"23":0.9363792118,"24":0.2426178553,"25":0.8532721558,"26":0.8188458074,"27":0.9363792118,"28":0.757330652,"29":1.0,"30":0.2067991448,"31":0.2496640287,"32":0.8905202758,"33":0.2268792622,"34":1.0,"35":0.8611375561,"36":0.857204856,"37":1.0,"38":0.8943286402,"39":1.0,"40":0.7162874455,"41":0.9558305177,"42":0.6136525858,"43":0.8178594757,"44":0.8022710688,"45":0.5232880834,"46":0.4080212522,"47":0.9558305177,"48":0.5308346024,"49":0.507238078}}