{
    "documents": 65000,
    "execution": 371.56693,
    "request": 1.087462306022644,
    "memory": 241
}