{
    "documents": 45000,
    "execution": 227.04172870000002,
    "request": 0.9321797132492066,
    "memory": 172
}