{
    "documents": 90000,
    "execution": 613.1882497999999,
    "request": 1.2754005908966064,
    "memory": 451
}