{
    "documents": 5000,
    "execution": 107.07855900000001,
    "request": 0.741671371459961
}