{
    "documents": 95000,
    "execution": 632.9780696,
    "request":  1.3208309173583985,
    "memory": 451
}