{
    "documents": 60000,
    "execution": 346.8557527,
    "request": 1.1047258615493774,
    "memory": 218
}

//234