{
    "documents": 25000,
    "execution": 146.3496952,
    "request": 0.8059463739395142
}