{
    "documents": 50000,
    "execution": 279.5286095,
    "request": 0.970871376991272,
    "memory": 195
}