{
    "documents": 35000,
    "execution": 187.8948453,
    "request": 0.8688138484954834,
    "memory": 169
}