{
    "documents": 20000,
    "execution": 121.34456579999998,
    "request": 0.7755282878875732,
    "memory": 130
}