{
    "documents": 80000,
    "execution": 537.1384805,
    "request": 1.2104544162750244,
    "memory": 348
}