{
    "documents": 55000,
    "execution": 310.4763935,
    "request": 0.9953441381454468,
    "memory": 208
}