{
    "documents": 15000,
    "execution": 112.11860349999999,
    "request": 0.7645296573638916,
    "memory": 106
}