{
    "documents": 75000,
    "execution": 487.74575619999996,
    "request": 1.173020339012146,
    "memory": 326
}