{
    "documents": 40000,
    "execution": 213.6265155,
    "request": 0.896547818183899,
    "memory": 172
}