{
    "documents": 70000,
    "execution": 423.3088927,
    "request": 1.1183705806732178,
    "memory": 267
}