{
    "documents": 85000,
    "execution": 584.4342528,
    "request": 1.3087815284729003,
    "memory": 396
}