{
    "documents": 30000,
    "execution": 156.0393887,
    "request": 0.8335220813751221
}