{
    "documents": 10000,
    "execution": 109.3720069,
    "request": 0.7929070711135864
}