{
    "documents": 100000,
    "execution": 696.5986052999999,
    "request": 1.40939302444458,
    "memory": 564
}